도서명,저자,가격,ISBN,대출여부,URL,출판사,도서설명,이미지
따라하면 배우는 파이썬,천인국,"26,000",9788975504773111111111111111,대여가능,http://kyo.co.kr/product/dsdfsfsfsssfsfsfsfdsfdsf,생능출판,ㄴㄹㅇㄴㅇㄴㄹㄴㅇㄹㅇㄴㄹㅇㄴㄹㅇㄴㄹㅇㄴㄹㅇㄴㄹㅇㄴ,cat12.gif
따라하면 배우는 파이썬2,천인국2,"26,0002",12321323123,대여불가,http://kyo.co.ㄴㅇㄹㄴㅇㄹ15,생능출판2,ㄴㄹㅇㄴㄹㄴㅇㄹㄴㅇㄹㅇㄴㄹㄴㅇㄹㄴㅇㄹㄴㅇㄴㅇㄹ,cat9.gif
sdf,sfdsdfsdf,"1,000",sfdfsd,0,sdf,sfd,dfssfdfsd,cat11.gif
ds,sdf,sd,sdf,0,sdf,sdf,sdfsdf,cat11.gif
sfd,sd,sdf,sdfs,0,sdf,f,sdf,cat11.gif
,,,,0,,,,파일 열기를 통해 사진을 추가하세요. 
,,,,0,,,,파일 열기를 통해 사진을 추가하세요. 
,,,,0,,,,파일 열기를 통해 사진을 추가하세요. 
,,,,0,,,,파일 열기를 통해 사진을 추가하세요. 
,,,,0,,,,파일 열기를 통해 사진을 추가하세요. 
,,,,0,,,,파일 열기를 통해 사진을 추가하세요. 
,,,,0,,,,파일 열기를 통해 사진을 추가하세요. 
sdfsfsfds,sf,sdfsdfdsfsdf,sfdfsdfsdfsdff,0,,sfsdf,,파일 열기를 통해 사진을 추가하세요. 
ssdfs,ff,sfs,fsfsf,0,sfsfs,sssf,sfdfsdfsfdsfdsfdsfdsfdsfsdfsdfsdfsfdsfsfsfsfsfdsf,cat11.gif
,,,,0,sdfsdf,,,파일 열기를 통해 사진을 추가하세요. 
fsd,fsd,sfd,sdf,0,sdfsdf,sf,sfdfsfs,cat10.gif
,,sdsdfsdfsdsdfsdfsdsd,,0,sdfds,,,파일 열기를 통해 사진을 추가하세요. 
sdf,,sdsdfsdfsdsdfsdfsdsd,sf,0,sdfds,,sdf,파일 열기를 통해 사진을 추가하세요. 
sdf,sdfdssdfsdf,sdfsdf,sdfsd,0,sdf,sdf,sdfsdfs,cat11.gif
,,,sdf,0,,,,파일 열기를 통해 사진을 추가하세요. 
sdf,sdf,sdf,fsdf,0,sd,sdf,sdf,파일 열기를 통해 사진을 추가하세요. 
sdf,sd,,,0,sdfs,sf,df,파일 열기를 통해 사진을 추가하세요. 
,,,,0,sdf,,fsd,파일 열기를 통해 사진을 추가하세요. 
,,,,0,,sdf,sdf,파일 열기를 통해 사진을 추가하세요. 
,sdf,,,0,,sdf,sdf,파일 열기를 통해 사진을 추가하세요. 
sdf,sdfsdf,,,0,,sdf,sdf,파일 열기를 통해 사진을 추가하세요. 
dsds,,sd,sdd,0,sd,,dsds,파일 열기를 통해 사진을 추가하세요. 
,,sdf,sdf,0,,,sdf,파일 열기를 통해 사진을 추가하세요. 
